@paapaapaapaa,
@IDS_Y,
@TaylerJones,
@TaylerJones,
@banchire,
@LasagnaBurgers,
@neoster1,
@emreaslann1,
@dolunay3147,
@hidir123321,
@maxsima12331,
@georgetsag,
@RapidFire192,
@Yusuf24,
@RedDol1,
@wizzardshills,
@Billjoey,
@coinscouteradmin,
@KuraiMetaverseRobin,
@goodboy13245,
@Karru99,
@krsnd108,
@backup_123,
@cryptoluve,
@Denise_444,
@tomastomas00,
@MrBigBIT,
@Flappybigbird,
@Murken,
@spacemooner,
@khoalaidang,
@mr_mickk,
@angelphich,
@Alextony1993,
@Promotionert,
@danieldanielmarketing,
@Ffgxdvvxd,
@shiller_96,
@shillingbot2,
@Vendetta9709,
@Fiddinghell,
@SufDz,
@piusasiimwe66,
@Cryptooss101,
@zagurdoo,
@StevePhet,
@Hades1950,
@Keshewshillz,
@AnggaSyal,
@FMC_forex_master_class,
@WedaWjya,
@Bet12345678910,
@Cryptohermes01,
@zazai2,
@Joeymanga,
@Stillydill,
@geraldpro,
@CryptoJohn83,
@chantreaaaaaaa,
@mralmigo,
@raposafbi,
@roseshillingaccount,
@yebyeb5,
@finest202,
@Abraskzz,
@odondod,
@ashleyidung,
@NutugBero,
@Kirigaya99,
@NutugBero,
@Kirigaya99,
@Viikky20,
@binaneccz,
@Aamarodus,
@ballyius,
@iuikino,
@kaneBrianz,
@Fisscas,
@qinan67,
@Phndaa,
@aslanmedm,
@Digoyangtetangga,
@cakeian,
@Moonshiller26,
@Melliodas1,
@kokorowadaw,
@Ketentuanncal,
@cucususuh,
@Shirt0100,
@Micajord,
@anubis122,
@Gimangmanggimang,
@thaigher,
@Kesayanganpapaz,
@Mahlukmarsssssssssssssss,
@katankumal,
@oriteegenganz,
@elektraking,
@brahmaniami,
@abigealx,
@msms24,
@micmoorer21,
@Jooooniiiii,
@suryauncalllk,
@aldimatina,
@kuplukbau,
@BABYMON123,
@uncalminiexz,
@brethart21,
@Patrickbau,
@bebentahu,
@Todtodtodtodtodk,
@uutbadri,
@dummyacv,
@weateunited,
@ruinsa,
@aquaaamamahk,
@adamlevi34,
@Uncallbiasallahh,
@sandrabbodo,
@Wiliiiammganzz,
@Drakenmikeyyyyyy,
@degotnotingon,
@Uncalllganzzz,
@Sex_Rugs_and_RockandRoll,
@terperangkapmasalalu,
@katty212121,
@huntuna,
@nizam2709,
@CryptoMoonShots22,
@Adrananweh,
@emmamakan,
@apalmereunnyak,
@Christinebscgems,
@Kucingpinkn,
@AllCoinLab,
@Bigssbigpump,
@Rocky_4478,
@dulala2233,
@cryptogweyz,
@gellerrosspro,
@captainjackreal,
@Christopherbscgems,
@Jasongod,
@MCcoul,
@blockchain231,
@haha6662,
@brandonkelly,
@Clarkhoffs,
@caimano84,
@Pietor_Wont_DM_First,
@AJ_MOON_COINS,
@lancemiller21,
@Upjeff,
@AJ_01_0,
@Mind_Mu,
@xXxXDragonxXxX,
@Vicky0055566,
@georgesteve88,
@Dominic_cz,
@micjoe21,
@bastianvin,
@sumovancatholder,
@adibarans,
@rickyahu,
@hamkayans,
@tomlywa,
@ivanista,
@naaatalia66,
@mandelanelso,
@baroniw,
@ardti,
@mannndro,
@Shillterus,
@annaberies,
@Mangkok2,
@Darkkk12,
@RugAddict,
@Cairrrr1,
@micjones21,
@fatuuuur,
@cryptostiles,
@garvindoi,
@Wen_Binance_Sir,
@findingzegemx,
@Cryptopogi14,
@Lexi2823,
@NotoriousGIP,
@Reddit_Pimp,
@ASC7400,
@Shenlong_Dragon,
@GTO122,
@Vladimirr_Gluten,
@cimoyyy,
@reynando1,
@Obrempxng,
@Im_batman_lol,
@rickckckck1,
@Whirimako,
@Rekt4evR,
@dezcrypt,
@chlyde,
@Muskateers,
@kuysman,
@Ironman_34,
@Tony_TightTrousers,
@eagleshillmaster,
@buyungkuma,
@Satoshi_Notgotmoney,
@henloehiraya,
@dardarert,
@bulbasaurus32,
@tnha1211,
@Varjokettu,
@Naked_Aper,
@Zapakimpotato,
@muihua,
@Hide_ThePain_Harold,
@banonsz,
@Colin_Tbird,
@inandoutburgers,
@Hechahechi,
@Moony_McMoonface,
@GrimeMC,
@Robbed_Marley,
@ri1008,
@BLACKJACK3313,
@Dumpin_Dan_F,
@agieslalu,
@UnexplainedTortoise,
@Timmmmayyy,
@tommyjonathan,
@JohnMaver,
@ZetaReticulan,
@jordansancho1,
@imphycory,
@Yhoumie,
@Lobssssuskkie,
@Neilbreast,
@sandro1122,
@newlambo,
@Ushooop,
@CrGhost,
@Biasalahuncalburuk,
@Kudaxuncal,
@Uncalllllllllllmini,
@Yahahahhhayuk,
@Kudahitambroh,
@Mikeywibuyaha,
@Kudahijaubk,
@Palinggabtenggueh,
@Uncalllminionnnhdk,
@liedz0513,
@Jobedgouga,
@Thomson6,
@boboy1233,
@Murphydong5,
@HerlSeph,
@ryo2022,
@Alexand8,
@Orland2s,
@Nekito20,
@Summerkimm29,
@dennishshin,
@hamidos123,
@GibranMP,
@makkkkke,
@hanabiOO1,
@Jorg1251,
@NEMICOINU,
@Subberman,
@rbyjnxx,
@ohiogusai,
@Asterlix77,
@CardiAstroOfficial,
@EveryApeonaut,
@fiesta18,
@Yarasaka,
@NISPIRO,
@picoaf,
@notgarrison,
@downtrc,
@DKYCME,
@Mario_545,
@Kalastelija,
@HYPERSPASS,
@SiriousX2,
@cryptoholic,
@shinianshaoye,
@CarlisleBailey1,
@gengsemuttk,
@gengbangkong,
@tronspromotor,
@sakutnh,
@Samukrazy,
@alcatra_Z,
@Rahm44ja,
@shillerben,
@jardanijovonovi,
@spockyuti,
@ShadeSUPR,
@MenCleaningTheCobraPit,
@majidmehman1,
@Koomasa,
@Hokusi77,
@rayessssss,
@G8ness,
@davidepsntoken,
@Mirony82,
@Pablo_Jobsz,
@bencrooks2,
@GroupButler_bot,
@omarioomar,
@bschunter1999,
@swiftchain,
@josiedev,
@Lionshill,
@DraxlerJohnson,
@Actylla,
@Sherly0001,
@Ricoo423,
@Halmarhen,
@Dionbsc,
@franciscomill,
@HARESZZ,
@bro690,
@fcklife25,
@FREEZING7,
@millionaireEOY,
@CryptoGreyTG,
@aikowiy,
@dogeuniversecoin,
@MarsMaxMan,
@FREEPSS,
@noobieservice,
@CryptoKid12,
@Shak_P_R,
@womentahai,
@montemarco,
@romanpe7,
@Rezeki_19,
@PinkP00,
@localtro,
@Oloyz,
@kanna_jasrael,
@Nightfall6,
@sonnynorth,
@sofianorth,
@Coinoracleapp,
@adamstanstead,
@helen_north,
@Murphydong6,
@Veerah5505,
@joestin24,
@Ayazmo,
@liaroneandonly,
@Meynie28,
@Qwerty11u,
@YagamiLight666,
@Samanthalouise6,
@Ryan_277,
@Kakekpemersatubangsa,
@JesseGavin,
@Q121314,
@maryam_fin,
@peanutbutterpopcorn,
@Shibby007,
@Alcapone164,
@huskeypromoter,
@CryptoZwaan,
@Rogermusk,
@Deeeennniss,
@notshang,
@BellyBagugp,
@Miazavi,
@Andronld,
@JAMEScin,
@Mempsid,
@RehaaneyP,
@Pilikki,
@zuxymerka,
@alcangela,
@Marioylo,
@MrGoody2Shoes,
@KMEERUN,
@football01000,
@mario_shilling,
@jolieecryto,
@MoonWolf_01,
@Shona27692,
@Rickyremo,
@Unpickled,
@Flashloann,
@maxsima1,
@The_Goat_Father,
@cryptocatch,
@Nnndgh,
@jordan09999,
@yebyeb3,
@Kingmoon123,
@Nomannono,
@Koptukorgen,
@DavidAdamm,
@albernaxton,
@Faisal19802,
@poremia,
@poremia,
@heggysa,
@Shimizuie,
@greanzara,
@baguspribadi222,
@Xacaxas,
@knahmup,
@ash12931,
@lewinncalvert,
@salahmohamad11,
@wilnajdumgiorgino,
@Maicolramirezz,
@matipjoel,
@keanmoise18,
@silentboy246,
@S0n222,
@SKILARK_KING,
@OmegaCoinEs,
@Rich2319,
@ansssssans,
@dwahgggggg,
@Lekdor,
@LevZIORs,
@cripto_Shill,
@Gem_Shillcrypto,
@haidar27000,
@Moonlicker2,
@Wonder_man06,
@iyanuoluwa00001,
@Deapo0l,
@Mogenssurskid,
@Deviddd12,
@Mady02,
@iamgneiss07,
@lucasferer,
@saimjohn,
@MarcusJJJJ,
@ignacio_token,
@Yunizais,
@SirSakke,
@bizztradebizzcoin01,
@Alimasterr2,
@memmei13,
@crypto_dani,
@versimba,
@LAmrns,
@younomm,
@Jadentt,
@ellizabeth3,
@alexbusinesslab,
@Samsaa11,
@apemanny,
@Awiik01,
@hunterr1122,
@honeyjpr,
@moonhunter27,
@Ugoson16,
@Zelcos,
@ivlx5,
@Cryptocoder7,
@Crypto_Pia,
@Cryptosr01,
@DervokPatrik,
@trade_n_tebar,
@Montana110,
@dr44457,
@AndreaAhah,
@jvvmlll,
@miyashisu,
@DestinaWidiyanti,
@perdanamenteri12,
@Chair0100,
@JosefinaNez,
@gamemaster24,
@marky126,
@shill_kill_shmoney_gang,
@CorentinVerstraete,
@LouisBeckers,
@BSC_GEM_HUNTER,
@rtheo1,
@GemzManager,
@Fking0101,
@notnowz,
@The_Zirah,
@shilbert420,
@mentalamandekm,
@cocotlambe,
@brakkbrqk,
@Thomas_KV,
@Phatkilla,
@shill3r,
@RoseAllDay98,
@SYAFIRA2018,
@ZaikoThePhoenix,
@bebegogpapah,
@PanonGua,
@little_ape11,
@Matheo2030,
@aaskrane,
@ReinePerish,
@GundalaUang,
@CyrusJ73,
@lovemeformyswag,
@yoopiiii,
@Marcussco,
@yebyeb4,
@memegoldfrog,
@chad00000,
@chadham,
@J123447,
@thebungler,
@coffeejedi,
@toastedtoastlife,
@LITERALCRYPTOGOD,
@yuriorlovvv,
@Allthingscrypto1233,
@StevenRocket,
@jeesii69,
@misterno1950,
@Knubster,
@manilyn2331,
@Burningmoon_UK,
@ODSIPTV,
@Satora333,
@luisant91,
@cryptoguru888,
@Fran5141,
@RebeccaPrivateeeZ,
@MinhChi45,
@mmmiiing,
@Crypto_JediGR,
@Chocochicoco,
@Jay_Snowy,
@luffysenpai26,
@apoelli,
@GhibliNoFace,
@dildomanwo,
@eckozone,
@hsbvdbd,
@crazyforcrypto99,
@KensWallet,
@T0MJONES,
@AlfredoShadow,
@Vejetsi,
@valdes2133,
@Lakely,
@steveneville,
@Jrmks,
@Mooonhodl,
@MSN42,
@JohnWinchester002,
@hebeleer,
@Terrano001,
@cait_sophie,
@BuildStrongVibe,
@whispererofcat,
@energymcc,
@ricardovibzz,
@shitmachinexx,
@shandxg,
@Jhie0314,
@SW4RL3Y,
@k3ilam,
@JerseyKev,
@Jakir7860,
@Holaaaaahe,
@Linda315848,
@kerosen96,
@DoT_79,
@MarsMaxMan1,
@Shillax,
@SimpleMike,
@CryptoMama11,
@DeSiNNeR9,
@samyorkppl,
@Pppputriii,
@M_muthu,
@Beer_Love,
@Animalfood2,
@yuva_1122,
@StephenJosep,
@legitlyhodler,
@eyyoreset,
@jester1011,
@Kifarahforme,
@MT30D97,
@siriprasadj,
@GemHunterforliving,
@Rohit_Dubey,
@JohnJohnoeero,
@sirhodlalot20,
@BergainShilling,
@Forstellaire,
@TherRealuser,
@insiderise,
@wrongnumbero,
@Homeboyb,
@fastdamsco,
@jame9625,
@uncalngennuh,
@Frostalz,
@ZooopLoop,
@DektorAbas,
@vandikvirgil,
@Akan363,
@Fewbuckstospend,
@Gemsniperxxx,
@wahyu_khun,
@ArgusEyed365,
@jamaludin1745,
@HolicOnCrypto,
@mastrand,
@talanenpaa,
@aldirizkyy17,
@Ahmeds1369,
@likestarx,
@underscoressssd,
@Rickcrypto90,
@Supermenta90,
@FartherDog,
@Marbig,
@Mo_UtopiaBSC,
@KaosSoulja,
@Maxdoil,
@litotes_Lifters,
@HarieUcart,
@Oliviakini,
@vubudi,
@burakaydiinn,
@cryptonianlad,
@LeoGinobili,
@Cryptobillq,
@Gaellekrywdyk,
@BabyDogeLover88,
@Emee101,
@Wilders13,
@ZeusLikeGod,
@ShirinSoza,
@Slavbok,
@Task_Funder,
@mike324,
@noobiepromoting,
@Kusumorai,
@Umutagaa,
@theoneandonlyalex,
@telcoin_uk,
@Ama_T13,
@MissGainzzzz,
@CryptoSayan21,
@SapaNOP,
@MrPTato91,
@Ghostface_killa69,
@Hadi_66,
@wl10me,
@binancesmartchainboy,
@sipuli8,
@StackRax,
@Rekonan,
@Joe_561,
@DDazeDd,
@kangabouy,
@noobiepromo,
@noobieservices,
@Ahmed_Amine_Sar,
@mrbaesic,
@salshaaa22,
@Alex_Amos8989,
@K0ch3ngOren,
@cryptomike1,
@BTHvhie,
@jane1234567890,
@lilyabc,
@BSAFEMOONE,
@roger1000x,
@cryptoboss312,
@dimazblackk,
@Jackkmill,
@gorgianamaya,
@Dany_brown,
@Jason_Huntt,
@punk621,
@cheklsoi,
@AKCR88,
@folklorevermored1989,
@Akifafzal,
@Animenosebleed,
@terryfox69,
@Delocryp,
@Shytcoinonly,
@ehhnsvt,
@ilovebusdmusk,
@eyjean2,
@HOLDER_SHILLS2,
@Uncalburukkkew,
@Naammiie,
@Aydahlahhk,
@PalaPirang,
@doglogk,
@oriytankkkk,
@ModernP0pe,
@phukang,
@Abasetop,
@Philips_Swaroski_Crypto,
@m0gga,
@iamthemycelium,
@GONZAYO,
@Csmp123,
@jessy89mi,
@K311in22,
@sananelenn,
@Cadaveric_1855,
@Kamlesh201089,
@misentreatderelict,
@SlavonianSepts,
@MDRMarketer,
@biceps667,
@roolls,
@ggwp303,
@Freeszy,
@Blackdolz,
@Shamsalam1992,
@aidayelontoken,
@marketingbscnet,
@rahateenija,
@Solodoks,
@Hurbab,
@Elonmee,
@BagelenAn,
@Cak2anda,
@bipolarxx,
@raidmonster,
@kngbkg,
@williamdav,
@ForwardOptimism,
@Menuoro66,
@jammie2,
@larrrieee1,
@saidmag1,
@Taerisea,
@bsakbb,
@Johnath1,
@CardanoSnipeSquad,
@emaerre,
@ExProfile,
@Annadroo,
@MichaelBolton1990,
@cryptoexplorer23,
@xeco1245,
@Alexaakey,
@TK0LO,
@sadudee1112,
@KensakuNakamoto,
@BIGMilitaire,
@janicroft,
@chfinance,
@LUNCHGRID,
@KimberlyID,
@DragonHunter77,
@BabyPanda619,
@babymooner,
@ItsBigSmokeFool,
@Tenthshiller,
@Thirteenthshiller,
@Motivationaladvisor,
@ClarkkSunguy,
@matrix2133,
@HODLTOMOO,
@achcryptooff,
@w0000123,
@Wiliyamgz,
@saripinilh,
@qwalmam,
@Reenasummon,
@whenbahamas,
@socialservicesprovider,
@JaaZBushi,
@Malnix,
@dffgykn,
@Dollmass,
@Deejay333,
@Dragos1905,
@lewandowski122,
@parcillao,
@alfavist,
@Seymus_acet,
@anderson08654,
@Rajab_ivedik1,
@Jebeeck,
@Advertising_Member_29,
@itssummertimenow,
@yuuvejp,
@krimakn,
@TheRealPhoenixBoy,
@Loovveelly1,
@CnODis,
@ddddu999,
@lestari7766,
@Danwerdmod,
@Mahdi77bnd,
@tptp1502,
@bullishl,
@alone00082,
@nptpzsn,
@cryptoshiller007,
@AndyDidCrypto,
@yvzk1881,
@PTAroon,
@cryptokielly,
@TuvaNordin,
@Dunanvdgraaf,
@zaxki,
@pinkandak,
@zettelll,
@kenvinner,
@punajtang,
@Khusizg,
@ICON_AI,
@fahrizal_ramadhan,
@cryptomanaa,
@xuprem,
@HodlfordearlifeRick,
@ryan_XOADA,
@mila83738,
@shillerwill,
@farrhin99,
@Alexandria72,
@Snowman456,
@BobbyRighelato,
@cryptoarthurq,
@Spectrn,
@lylylynie,
@junihe,
@Keesiekontvleesie,
@Ninthshiller,
@clum_sy_me,
@notxx322,
@hazz_johns,
@Bala_saram_khodas,
@BIueShiba,
@Samuel_1973,
@arabelmonar,
@wisdom2178,
@letojimbo,
@Sirloncelot,
@nuhu2020,
@anorep,
@abaddon0979,
@M651873,
@Annabelrod,
@agnesiakd,
@pkandel907,
@Kobasamsu,
@AlexWhitecrypt,
@claraklm,
@nakamuracrypto,
@viljokainen,
@Donfire12,
@Desa1783,
@rev3765,
@dk1021,
@cryptonytaylor,
@Miichaan,
@Pelon_Caed,
@legit_90,
@iamccccc,
@kristinekrypto,
@mondyxx,
@dexterretxed,
@keanemichael,
@manansi,
@kumahaksp,
@DogemongoTurk,
@CornelisZen,
@Kellvin99,
@kgndro,
@Eli_Ify,
@Alisak21,
@Alexandria_a,
@Kai1662,
@yuri1hot,
@Mw499,
@jay_pops,
@JonakJasson,
@CryptoAntal,
@AL7BC,
@Crypto_Ashley,
@maeleam,
@JanganPegat,
@TimothyShiler,
@k311in,
@Swipemynoney,
@Kaneday,
@Backspacep,
@ALB7C,
@JimsBsdw,
@Cryptomoonindo,
@spongerockbob,
@rocket0h,
@dpunge,
@chasku,
@dresser47,
@uprincipale,
@Gismo1987,
@lyssleshandy,
@AndryGazali,
@Jehm92,
@CRYPTOBOSSX,
@TTTeezm,
@Pkksiz,
@bonadragon,
@task25,
@Morpheus580,
@Anna_V6,
@Carpenz,
@r12306,
@Emmanuel987q,
@Emmynize,
@Ikezada,
@Jackmonas,
@Lovebabychan,
@Jake_ba,
@causetech,
@Koladee,
@BigPopa8,
@j3cks1,
@CryptoDemon3,
@rbmahyar,
@frogfrodo,
@ad_ria_n,
@putratri23,
@lordmarcus0,
@Spy14,
@tingtong123456,
@menahanmandi,
@Janfrk,
@blaize_the_vibe,
@ShitShiller,
@Johnr289,
@charlesCm01,
@dealovaaja,
@mellow_ninja,
@LFGMinnie,
@Shots092,
@Samfred,
@BlueShibMod,
@Cruezel,
@feellikesto,
@holgatemason,
@freenexstar,
@painOFcrypto,
@Falcon_rio,
@PaperChasn,
@saka_manggala,
@axiePlayToEarn,
@PizzaSteveugp,
@unobf,
@speary777,
@LamboShiller,
@Faith_White,
@Crisostomo_123,
@ProfDigoxin,
@Kazimbro,
@Magdi959,
@Kriptomoooon,
@cryptojay001,
@rchrdddd,
@Chrisman213,
@Coinatics,
@alecxaaaa,
@joeharris12,
@Miiiichii,
@jessy_messy1,
@difap2,
@warren_wang,
@lionelmessi2133,
@msbluenano,
@mrpump2121,
@AdamLFG,
@CryptoTFC,
@Cryptoflower61,
@zvuvik,
@TigerfundC,
@Noneofyou06,
@BryanZachary,
@Vikson07,
@Kevin266898,
@johnsmithite,
@Shilliam_Wakespeare,
@cryptowhalelord,
@maddoged,
@Emily902361,
@KIINGSHILLER,
@Andy_Whitee,
@babyauh,
@Veronica614251,
@Julia328623,
@mecnixcrypto,
@Zenith232323,
@HUUHKAJA1,
@ALIREZAM688,
@cryptocola123,
@pubblepuffss,
@moonkingbscc,
@hs87413,
@MayaCaty,
@Gigi_777,
@Miguelcryptokiller,
@szamanek,
@Figdafoz,
@Habby700,
@basedgems1,
@FlyingLotus47,
@Fre3zeyv2,
@jebdh,
@dalievans,
@nocryptopls,
@MAICARTS,
@GLHowner,
@Krae01,
@MHanzalaKhan,
@Stepsizzy,
@Raaad00,
@Romania_gleams,
@kakhumeida,
@ARI0307,
@sirc30,
@Shexpertsss,
@TheBigDck,
@Home_Oppai,
@joshidkq,
@jordantt,
@cadisetramadiraizelnim,
@yaaaasdaddy,
@Notso21,
@Spliff77,
@CMtrx2,
@WenPresale,
@imamss3688,
@dave_dev,
@BUYSAFEARN,
@SmartChainGains,
@PedreiraFabio,
@yagababa12345,
@Mojo96,
@shadotuken,
@justinxcrypto,
@JonsCapeli1,
@suka2_gw,
@joedimagggio,
@vandriverr,
@ThatCryptoGirl,
@redraymond007,
@cryptoTay,
@slycooperLW,
@OchoCinco01,
@glatek,
@Nobel_Lion,
@Alexdiamondhandsadmin,
@Piloperww,
@Alecu_88,
@plutotheg,
@AndrewB000,
@worketti,
@malone666,
@whoamizzzzz,
@cryptoclown85,
@AliDia7,
@cutukuprah,
@DiamondHand10,
@cryptobscgemm,
@aphex992,
@MDCMOON,
@iAMCrypto_1,
@croccocrocco,
@moneymyname,
@shankyoupal,
@kakatuabego,
@JoeyAces1230,
@Shilernobs,
@EOJMatthews,
@Luna90124,
@Nnaavviidd_6,
@tiramisuwine,
@truleyhero,
@bullyconcepts,
@gypsyairddrop,
@feederforever1,
@duh_one,
@nissangtrfan,
@CryptoBudha1,
@TheOGplug,
@Ironmann78,
@kpstars,
@suarez2133,
@DenDragons,
@Cryptossq,
@AbdiAiro,
@NotViizuaL,
@yungliw,
@satoshy1,
@minitrader1,
@viktorceo,
@bilbodickens,
@axwhyzed,
@viktorceo,
@bilbodickens,
@axwhyzed,
@Doralouis,
@Starzee_Lous,
@cloud461,
@imac18,
@Palaloepeang,
@j_plumber_taylor,
@DaveJebi,
@REYUNCAL,
@Z1NK77,
@ven203,
@blues203,
@Queen_40009,
@meixian00,
@Holmessss,
@bsc203,
@kaliha203,
@yoji5118,
@Cmodm,
@richart203,
@Bujurmual,
@jayaplaza,
@popejoe,
@Kholas1,
@Therockxyz,
@GastnLedesma,
@Qxiamu,
@Delaceba,
@Borj13,
@Lovidio,
@uncalkakekk,
@meryem123321,
@frenkie2323,
@Vitalnight,
@msamwa94,
@berlians203,
@ShionDemonLord,
@yourmamasape,
@Joshua_1984,
@ShillMasterFlex,
@jiajio2430,
@eyjean4,
@outcast0214,
@Ashy_Sashy,
@Idrakal,
@Jessiemax,
@iambbenny,
@yyuqa,
@m_robert_r,
@Anon3419,
@Hamarketing4,
@HOTKID_HK,
@Mmodino,
@busdmarc,
@David650,
@DlNGO,
@LETSGOOMOON,
@Ejay08,
@Tahirafr,
@MarketerNussy,
@howsitgoingson,
@PaoloLeon21,
@Crypto0Z,
@MichaelWildFireToken,
@WLhunter15,
@uncalgeng,
@elcryptocapone,
@Wayfarer22,
@shendych,
@hailstormfire,
@bebegugmamah,
@axisssgz,
@Omz19,
@mininojngzx,
@sarahtoni,
@caattlinn,
@sijanggut,
@JackRussel13,
@callmedaddy5,
@biasalaheeuncal,
@jeky1,
@kjbh_7h,
@falan354,
@matmousez,
@Richard2marketing,
@mainantantek,
@brondongjagungz,
@bunggabs,
@bebegugjambo,
@kharyo,
@noxiaabrebet,
@David_promote,
@bebegugbpak,
@MR_CcCcCc,
@MajorasMask20,
@goodtimesaheadd,
@Lyle_luvie,
@BlackShepherd88,
@ExoShogun,
@starvinmarvin1,
@Ronwerne,
@AvengeDuh,
@oophin,
@DualityReal,
@BTCadams,
@dgiaphong,
@gilbryan05,
@jemmmssss,
@LadyRarRar,
@steyfrasco,
@FizzleShizzles,
@JaimeFookinLannister,
@legendhamid,
@DubbleAA,
@augustdesouza,
@imran6713,
@Jasminewild,
@The_chef33,
@AyrradCrypt,
@MansaMusa101,
@OmarSayed1,
@RHRakib001,
@Jackie2200,
@DogeRiseAdmin,
@shuagaps,
@pepe_st0nk,
@Hijauselaput,
@RideOrRug,
@TanakaSakura,
@zakbang,
@Baby_UNI_Chello,
@CaptaiinBlac,
@ModChieff,
@DeYerima,
@Kuroto,
@MASSA174,
@Opusblues,
@Spazzticus,
@Coldbloodiron,
@memecryptogod,
@orkhan050,
@paularoba,
@Johnybravo98bnbhkkh,
@vekscalmtqn,
@xeniatom,
@Juliensorelbsc,
@max8444,
@masternorbs,
@ZackHarrison,
@Branzz_05,
@BSCBOT6,
@BSCBOT5,
@BSCBOT8,
@BOTBSC10,
@MartinK38788091,
@Jcortezc6969,
@goldrushblush,
@shillspace,
@Mar8686,
@Willsnoo,
@MERRRX,
@keteww19,
@Aatreyaleo_art,
@alexjouu,
@Bmike1,
@William2211,
@lady_mg,
@Cryptolord414,
@Tomeewa16,
@elon203,
@suzybae02,
@fuckarthur,
@hanaspako,
@LeeGulag,
@BATDOGE1,
@MONEYAPER,
@Shitmooncoin,
@Kha621,
@bradleychat,
@Dan1elDerrick,
@shillrasa,
@sumomonlee,
@dadawddwad,
@bellrin0202,
@SailmoonM,
@irecep11,
@Mawangrasta,
@fznwg2,
@smnsupreme,
@Stfnnrsyd,
@Settingmania6,
@h_a_beauty,
@bssfsx,
@Nai1898,
@AnonymousV3,
@mau_jk,
@Fire_AmirA,
@Brian422707,
@xkirschblute,
@Xeenth,
@Adamjonhsion,
@james_mark130,
@Mic711,
@SusenoJati,
@JackWebDev,
@phukang2,
@abukwakwa,
@Erickalama,
@Jxxx10,
@Myusernamedd,
@Presalehunterr,
@frenky_aditya,
@DICKSHAAAARD,
@Kiw19910,
@ajaysh2,
@SineraCharity,
@believer2758Rc,
@rosietherosex,
@ProfessorKuro,
@BTS818,
@kawkawfez,
@nelsonblue,
@sexy00q,
@frkiddox,
@Ayaan_Balouch,
@bbll2233,
@lark_bit,
@jt0025678,
@z_deen_tours,
@Svitlana_yulya,
@crowshill4,
@SwiftTalent,
@aoicute,
@NonaNola,
@cutietheon,
@mikaelkebroo,
@newinubaby,
@Alpha1033,
@Josehappa,
@Amelia614,
@eyhopp,
@ssongg4,
@algi489,
@meljie13,
@UMTSWAP,
@Dkj33,
@Slapmesilly,
@Manusteez,
@prelsalelivr,
@herrypottah,
@wallhight,
@UrsulaBSC221,
@ronaldbscproject,
@mitsuk01,
@vjimmyv,
@Spielberg608466,
@Dragosga,
@Yoy551,
@TheEak1,
@Will2021z,
@sarah_alanta,
@PotDealer420,
@Ai_Eusebio,
@Subhamshaw9,
@Vipshakil1212,
@Eattheblock,
@Cecil4029,
@DjxCake,
@Kun1609,
@soulmoviehu,
@DegenJen,
@reza9898p,
@namiworks,
@colauncallss,
@quy101214,
@pukhang3,
@Arkz09,
@mikerunitup,
@Ruby_Tuesday_10x,
@Simperial,
@skunkskunkskunk,
@msqueencasey,
@gelyn2791,
@Alexgaining,
@Cointineu,
@Smooning,
@igorlkm,
@oguzcanci,
@OKAYAOKAYA,
@Yakiyumi,
@OKAYAOKAYA,
@Yakiyumi,
@CrypT0Addiction,
@duh_highest,
@cryptonite130,
@bigggsmokee,
@Gamebloxceo,
@paseo111,
@OzbeastxD,
@Riski1234,
@Hades111111,
@emerson0001,
@oc7ober7,
@ACutiePatuti,
@Lollypop780,
@ggae92test,
@BrainZeus,
@profesor2133,
@Minky2021,
@ygansie,
@seanc437,
@Tommy_musk,
@sysminee,
@Pabl0Esc0barrr,
@pipoyshingkoy,
@jaycrypto27,
@braddaz20,
@reneortegaa,
@Barry_Big_Bags,
@NeoManiac02,
@turush,
@Kamsijnr,
@PlateOPlumo,
@MynameHades,
@RippleB,
@spacewalker89,
@moneyxsx,
@TravGreen0,
@barosu,
@TRAVISCATER,
@MrHunterNo_1,
@toydogemod,
@Grimreefas,
@Kitten_Koin,
@CryptoGinTheReturn,
@FOE_DIAMOND,
@basedgem1,
@zlfl963,
@Anikyi,
@cryptomod77,
@CarolinUz2,
@ryandavern,
@Pepephile,
@Abhi150701,
@Kyla_Smith,
@armandassante143,
@Cryptosugar_mama,
@moonshoot99,
@CryptoMoonShotssss,
@Ritesh2758R,
@Rullant,
@erstellag,
@Laurenwebb,
@Nightly06,
@UqhQnV,
@Lisajax,
@Aminua4,
@haileysmith2,
@RugMeNot,
@SeanCryptoDiamonds,
@ajsodvd,
@Sarahproulx,
@CRYPNEX,
@Dave_2019,
@BREEGG,
@BugOut718,
@Bettyyung,
@moorriisss,
@jcke6790,
@Andrew22233,
@Settingmania3,
@mintingcryptos,
@JasonPeterr,
@cryptohan,
@crypto_crabking,
@moonlight4ever,
@CryptoJ469,
@Sirdares,
@Lina_Roy,
@Lady_Deny,
@Ngantuktidor,
@yhnxellee,
@fakrollpilu88,
@CoyoteEuphonism,
@cyberdreamz,
@Mabellang,
@belladawson1,
@AlcoolSmith,
@dentelle_Waiting,
@NikkiWarner,
@anisotropic_Hydronegative,
@Crypto_DeX,
@lafionalof,
@ImAllIn4,
@suballi156,
@alangfd,
@setuseenamet,
@erascicina,
@wusana,
@tinsansa,
@finestxarts,
@BonusCard7,
@talyan2021,
@Razoumikhine,
@brrruce,
@THEM00NS,
@Rhyzaruss,
@Shitcoinexpert69,
@TreemanThe2nd,
@jerry_miller,
@LeeXiang9,
@jpizosh,
@stormblessed13,
@hungrycoww,
@FaizuW,
@Bohkono,
@babugenius,
@kevintgshiller,
@Aaronbliss1,
@riverfx,
@peniel_CM,
@CryptoGodJeff,
@BabyKaimanPoppa,
@aaron1872,
@shilliam21,
@Noarthur,
@YoshiMoo,
@almightyshiller,
@MisteryBabyPoppa,
@Spvme,
@Markytnw,
@zombieman1,
@ella_ella01,
@MrBigBlitz,
@scraperguy,
@Badutmood,
@Asksirfrancis99,
@itsrizzzzz,
@sdae234545,
@Jetman1481,
@sworkmark,
@klampert,
@Maxxilla,
@elonbump,
@Cryptosiast91,
@Blue15a4,
@lokisi098,
@ItWasFunWhileItLasted,
@Krisha_Yu,
@TheCMSguy,
@KErnani,
@IronManEcs,
@k1ngz4ck,
@arazael1,
@s0rraat,
@oky0uright,
@R0bin12,
@contestshiller,
@Floki0007,
@CrptoAngel,
@King_of_Convenience,
@Boykazr,
@whalenewss,
@Brianwesttt,
@donatrumpl,
@plodsx,
@hugepumptoken,
@nursel2199,
@kuramapoal,
@emilynow,
@EzioFTW,
@sabirubiru1,
@lhee001,
@Nichqx,
@haciku23,
@even24,
@twitterpromoterkingz,
@RHOSMAE,
@XertiLad,
@Cryptoking011,
@geraldbsc,
@essica660828,
@ravanbest1,
@gemhuntress,
@wncwbu9csniocw,
@svamgob,
@Mhoes_collections,
@Ceritakany,
@laraandikova,
@crypto_promoterss,
@Xh0stShillBots,
@Teecrypto,
@ttarded,
@Xenophontis,
@Driptorious,
@Dardz03,
@TJD265,
@kuko999,
@chiara_k33,
@SCORPION_getrich,
@kavuklar111,
@RAFAGONZALES,
@LuXaBeLLa,
@lucimorni,
@TejasShah1,
@ntilara,
@jindoee,
@mitzas,
@mikeshillers,
@chiodo19,
@versumbu,
@DirkBrignac,
@MichaelMGP,
@oslencrock,
@shillionaire88,
@yanterry,
@cetenza,
@Wittyfactory,
@Aaronbliss01,
@Anime_007_classic,
@gamebred619,
@NormalPotato,
@lordDeZeus,
@DeltaAsk,
@dalmashillyou,
@Jraocoin,
@Yiusing,
@Endweyeaaahhh,
@Rhianblank,
@ProudCoconut,
@Thisguyislimited,
@gemzcoin,
@Tangoman100,
@NotDarkUnknown,
@SatyaRy4,
@vukuv,
@Camenleft,
@melnavarrete15,
@KillingZeros,
@Settingmania2,
@denis_workl,
@AngelminiAdelynn,
@hasanbaskan,
@kirstingives,
@jilliana_v,
@SUBZERO_getrich,
@REPTILE_getrich,
@suschloe,
@a_01_200,
@Shillingkillin,
@bonniepromos,
@apingmastrer,
@moonbabyss,
@kennethpromotes,
@elizabethpromotes,
@maryalpromoted,
@jessiedarksoul,
@SnDmng,
@lewispromos,
@bullishpromos,
@doggystylesss,
@cappromos,
@watchmeape,
@trexxx7,
@macryptobosspromo,
@ednapromoted,
@WenPoor,
@Heyfidjwj,
@snipernextgembsc,
@harrytg1,
@Hands0100,
@CrazyDevv,
@Bamservice7,
@MarianoAngelo123,
@asdzxcdfg,
@Str8ghtup,
@robby_jee,
@byCRYPTOdi,
@Halojon69,
@moonshotsssx,
@Bartsimpsothegreat,
@rannyg,
@crypto_zeno,
@ooleooleee,
@PrinceXharles,
@namarija2407,
@axing22,
@Mar_990,
@Mini_HuLk1,
@LosLobosHaralambos,
@jugalbika,
@MoonMountaineer,
@Rufaeeh,
@SafuPromoter,
@captainTommyB,
@Crypto_Roberto,
@Raidfull,
@JoskaOmar,
@Driverspot,
@Little_bo55,
@mrshepherd,
@BoyForRent1,
@Jajang34,
@mrpumsp,
@raidoholic,
@Godemine,
@dmystify9,
@elenaelena02,
@seantankg,
@natcarbonate,
@MustangK77,
@redeyejedii,
@camsplss,
@PhantomOfCrypto,
@Lesa_Joy,
@rosecruzillo,
@Iskhalil02,
@xAtarax,
@idyer183,
@bigjohnkevlar,
@bsc_kingadvertising,
@Mogulito,
@Janiceforcrypto,
@i_cant_spel,
@chartman0070,
@pacmanyel,
@Shill_TeamX,
@isabellabforever,
@AlannalA,
@NeilKCCGo,
@bbishere,
@Ajis34,
@Prnm17,
@Cakeenthusiast,
@Jacophe,
@p2psanche,
@cucuteni,
@sauceisgood,
@biochemicalhooklike,
@Aimer05,
@Aimer005,
@SynapticChain,
@uniinuani,
@sahon2345,
@donyst1,
@Duta22,
@begugbadak,
@Lets_have_some_party,
@bebeqknj,
@martabakbebegugg,
@Dstopu,
@Frrrraaappp,
@khunmillionaire,
@darsxson,
@Wan135s,
@Cryptoshillr,
@Merajkhan786,
@Juanpsy,
@digitalcraze,
@geemcaal,
@muditverma5,
@milchar_x,
@Notcrypto014,
@dedijundianto,
@TarSauce,
@Genuine0088,
@DenisDan22,
@thebrandolorian,
@JosshuaJR,
@MrSiege1,
@Riaz0134,
@shillyly,
@BUSDMUSK_BSC,
@hjc2021,
@Bitcoinshiller1,
@GreenWarlock888,
@Luna4654,
@paulH89,
@Amsterjam,
@e_benggg,
@Productofkaris,
@Salemacon,
@mr_richman10,
@greatXhelp,
@jebizion,
@RoCHeLLe40,
@UncleJ420,
@Hannah_Troadster,
@bscbonker,
@Weresurgod,
@bbhomemaker,
@Cryptocat1234,
@Squidyeager,
@GonGoneMoon,
@xxhypexxx,
@CryptoMarmot1337,
@hafidz_sans,
@antoniogioia20,
@extech_gabe,
@Guugle529,
@mmmsjm,
@McGrayL,
@GotLambo,
@the_greenbastard,
@jamesRyan1,
@milkyweyz,
@Bena1988,
@Dane0321,
@Gaoutcho,
@cryptoreda,
@TheRealNaughtyCake,
@huntercoiin,
@CryptoGeek001,
@moon_crypto1,
@Ashwilliams1,
@cryptomoonshot101,
@raisedonrice,
@NovA31313131,
@destinycanbechange,
@Dankanbari,
@zolevap,
@PrillyAngel,
@steven_girami,
@PortalHQTokenShiller3,
@PortalHQTokenShiller5,
@declanfreddy,
@WalterLynch,
@Jessicahills2014,
@jrbbrh,
@Risbyrose,
@nightblue170,
@Sunpile,
@Jhonktrz,
@shitmachinex,
@Nindesuke,
@Albernys,
@PortalHQTokenShiller4,
@Themanboob,
@zhi3d,
@TheGuyWhoCode,
@RodTalksCrypto,
@mricky,
@ajiehaachama,
@sandrahus,
@mistermarx1,
@torydead,
@redyeyejedi1,
@FORTooNEY,
@JulianaNovall,
@justabearguy,
@Cz123na,
@CakeBNBdev,
@Rubjustel,
@HFawzy5,
@Shillzo,
@kousikofficial,
@EstebanDakota1268,
@JermaineGregory1200,
@Plakatfiu,
@shilltothemoon103,
@EatTheDipSir,
@austtinnee,
@realsupermi,
@Buluromaku,
@CryptoMoon_69,
@karedokcabe,
@buasalahnenek,
@twotimeloserofthebsc,
@xemocker04,
@diday02,
@tetehkotak,
@Carlset,
@PreEtdee,
@cherylcherrie88,
@leader_023,
@balbags,
@cryptonaticz,
@Oo009way,
@TomasBa,
@Jamesmichael116,
@iam_akk,
@Ashley_991,
@Misan1,
@Ali13801399,
@TheOtherFakeFred,
@pssychodelic,
@doggodoggodoggo,
@riskiwibowo27,
@wasuppp222,
@Agungds07,
@Rikuyusu,
@DentalFlosss,
@QueenBey90,
@jaeyiii,
@yoyoo88,
@UnknwnProfit,
@BullyMaguire69420,
@MemmoSKK,
@bantaluncal,
@dogtor089,
@yrdvansk,
@transisco,
@ghazanmm,
@nikesanma,
@crowshill6,
@kiawed,
@PacificoSarmie1,
@Mauwie1983,
@diamond351,
@mamamuza,
@gamotocrypto,
@PamPasiola,
@ZuneX_1,
@MelchorFer,
@EddyMokhaz,
@may0070,
@thundaboi,
@mommaboi,
@Rainbowranger01,
@Kriptonyt81,
@Fatmabaraqbah,
@Stack_Master,
@jordeandivon,
@IlluminationEgg,
@Salvador3097,
@RYUNNOOSUKO,
@Related93,
@juliusc1312,
@Suisui006,
@itsbutterflycn,
@airdropidx,
@GhosttBsc,
@isaiahxx01,
@iron_superherodogee,
@pxity,
@AvereMhayie0429,
@conami1,
@coolchimp,
@GalaxCrypto,
@httpsdrey,
@ramgrmio,
@mbuhgakmudeng,
@bronsugarr,
@The_rnp,
@Capt_Raider,
@readmisl,
@Zombie189,
@Theking_ofkings,
@k_h_i_d_i_r,
@RorschachTesst,
@M4RTY_CRYPTO,
@BonelessCrypto,
@Thu3der,
@Ephes1s,
@pumperpaxer,
@JackTheRipper02,
@zDubu,
@cucans2,
@EasyMoneyfaw,
@crptbnb,
@mrlegit88,
@RollingThunder01,
@vmani458,
@pinkranger01,
@Calfin11,
@asproogz,
@NICEBAMBANG,
@Kucinggantenggg,
@Exzsamganz,
@Gamasatuna,
@NAHMLSNYAHHEEEE,
@Mikelus23,
@Matumapan,
@Lupanji,
@Lankomanam,
@LAUKPEDAS,
@Goluckygoooo,
@UNCALMININUA,
@UNCALLADAKU,
@EXZGABUT,
@UNCALBURUK,
@princessC21,
@Ibrahimniceone,
@yahahahasu,
@ricoasangar,
@khuen1,
@hshbdijj,
@Blues_panther,
@Bun2m,
@Bosch005,
@siska1588,
@Pallavi0770,
@empty_ndNULL,
@Hamzs26,
@L0145,
@Pikaa200,
@Dark007Matter,
@Aiyan1988,
@adrian030591,
@Tomodachi4,
@jaiki_14,
@babyshiller,
@rendibacot,
@katawsiapaw,
@Gildartz01,
@developerbsc,
@luizwale,
@Majidh12456,
@tronwexmoonadmin,
@jimjumjom,
@userofmyname,
@faizkardian,
@Fram1117,
@Irvan_23,
@mldgengghjo,
@uncallgabut,
@Miyalovesyou,
@nurbanusultansi,
@Martin4luvsurfdoge,
@BBBCZBBB,
@Jrockbase,
@wong5678,
@hazripro,
@Miscrok,
@mktcrypto1,
@loulougems,
@Life_iz_beautifull_CSG,
@mariaxzcc,
@water0100,
@timothyferriss,
@Book01000,
@enikhilk,
@purplelambox,
@RiadMasterr,
@akmalrifdie,
@maryyyy41,
@papajeet2,
@verlfss,
@queenbeans,
@Kaido202020,
@wanbitang,
@seksibrok,
@Prasetya99999,
@Batman0100,
@Rayz55,
@mtbeast,
@fon_P,
@Chingchong353,
@grilledcheeeese,
@cHiCkEnRol,
@disminuida,
@versimbu,
@killuazdlyk,
@Nibbathehood1,
@leogemkeeper,
@juliaq99,
@anonymousity666,
@willingly2,
@asfasfasfasfasfas,
@CURT324,
@badjojotv,
@ZombiEffs,
@lee_jhenow,
@DONTMINDME77,
@dfdgsdfg,
@Maddysonxx,
@iamblessed03,
